"Id","Name & Model","Year","Mileage","The Price"
1,"INFINITI Q50",2018,32934.0,26999.0
2,"Toyota Camry",2018,48635.0,16999.0
3,"INFINITI Q50",2018,46270.0,21999.0
4,"Kia Optima",2019,23907.0,15999.0
5,"Lexus ES",2018,29464.0,25999.0
6,"Ford Super Duty F-250",2019,66862.0,41467.0
7,"Hyundai Elantra",2018,45952.0,13480.0
8,"Lexus IS",2016,46586.0,20299.0
9,"Nissan Altima",2016,86651.0,10999.0
10,"Mercedes-Benz C-Class",2018,15415.0,28999.0
11,"Mercedes-Benz E-Class",2018,42585.0,31480.0
12,"Ram 1500",2020,14053.0,39999.0
13,"Lexus RX",2018,46235.0,34999.0
14,"Lexus NX",2018,30967.0,27980.0
15,"Honda Accord",2014,71738.0,13999.0
16,"Lexus RX",2016,27746.0,29230.0
17,"Honda Accord",2018,21351.0,21699.0
18,"Toyota RAV4",2018,53627.0,19999.0
19,"Toyota Camry",2018,17703.0,21580.0
20,"Honda CR-V",2017,13739.0,24999.0
21,"Kia Soul",2016,24901.0,11999.0
22,"Lexus IS",2015,27040.0,24230.0
23,"Dodge Charger",2020,14210.0,23980.0
24,"Lexus NX",2018,24319.0,26999.0
25,"Lexus NX",2019,21308.0,28999.0
26,"Dodge Grand Caravan",2014,98431.0,8999.0
27,"BMW X3",2018,20973.0,31999.0
28,"Toyota RAV4",2018,22776.0,20499.0
29,"Tesla Model S",2018,10271.0,61999.0
30,"Kia Optima",2016,45956.0,12999.0
31,"INFINITI QX30",2017,41654.0,19999.0
32,"Dodge Charger",2018,17859.0,32999.0
33,"Chevrolet Camaro",2017,1106.0,27999.0
34,"Land Rover Range Rover Velar",2018,23366.0,57999.0
35,"Mercedes-Benz GLS",2018,30889.0,64999.0
36,"Alfa Romeo Giulia",2018,25265.0,25999.0
37,"Chevrolet Traverse",2011,171500.0,8995.0
38,"Volvo XC90",2020,14779.0,48499.0
39,"BMW 3 Series",2019,8263.0,34499.0
40,"Audi A5",2018,30533.0,30467.0
41,"Audi S4",2019,19331.0,45499.0
42,"Ford F-150",2017,81330.0,32999.0
43,"Mazda Mazda6",2020,1521.0,30499.0
44,"Ford Expedition",2019,46271.0,36995.0
45,"Alfa Romeo Stelvio",2020,537.0,37999.0
46,"Audi S5",2018,35954.0,41999.0
47,"FIAT 500",2017,30236.0,10999.0
48,"Hyundai Tucson",2018,31745.0,18999.0
49,"Toyota Tacoma",2017,43887.0,25999.0
50,"Jeep Wrangler",2019,19802.0,42999.0
51,"Jeep Wrangler",2017,36310.0,35999.0
52,"Audi Q7",2018,41366.0,41999.0
53,"Subaru WRX",2015,29578.0,30499.0
54,"Tesla Model 3",2019,12404.0,38499.0
55,"Mercedes-Benz A-Class",2019,14414.0,31499.0
56,"BMW X5",2016,39255.0,29999.0
57,"GMC Sierra 1500",2019,16571.0,51999.0
58,"Audi Q7",2018,31033.0,39999.0
59,"BMW 5 Series",2019,14866.0,40999.0
60,"Audi Q3",2017,44498.0,22999.0
61,"Jeep Wrangler",2015,45416.0,34499.0
62,"Nissan JUKE",2014,60214.0,11999.0
63,"Acura RDX",2018,21779.0,28999.0
64,"Chevrolet Silverado 1500",2020,4960.0,52999.0
65,"Ford Super Duty F-250",2017,27276.0,64999.0
66,"Land Rover Discovery Sport",2019,5591.0,39499.0
67,"Land Rover Range Rover Sport",2018,49750.0,54999.0
68,"BMW i3",2015,49004.0,14999.0
69,"BMW 5 Series",2019,14866.0,40999.0
70,"Jeep Wrangler",2019,18643.0,36999.0
71,"Ram 1500",2020,5693.0,44999.0
72,"Nissan Titan",2017,28284.0,36999.0
73,"BMW 3 Series",2017,24233.0,21999.0
74,"Maserati Levante",2017,28947.0,50999.0
75,"Jeep Renegade",2017,38050.0,19999.0
76,"Lexus ES",2020,4732.0,43180.0
77,"Nissan Rogue Sport",2020,5715.0,21999.0
78,"Lexus NX",2020,21316.0,34999.0
79,"Cadillac CT6",2017,51257.0,30999.0
80,"Mazda CX-5",2019,25703.0,24999.0
81,"GMC Terrain",2019,32333.0,30499.0
82,"Audi S5",2018,30294.0,43999.0
83,"Ford Mustang",2015,97794.0,16250.0
84,"Subaru Outback",2016,26660.0,20999.0
85,"Honda Civic",2020,6801.0,24499.0
86,"Land Rover Discovery",2017,26572.0,42999.0
87,"Ford Fusion",2017,41281.0,16999.0
88,"Toyota Highlander",2020,10431.0,42999.0
89,"Toyota Tacoma",2017,43887.0,25999.0
90,"Alfa Romeo Giulia",2018,25265.0,25999.0
91,"GMC Canyon",2018,23102.0,37999.0
92,"Volvo XC90",2018,32656.0,38999.0
93,"Audi SQ5",2018,20360.0,42999.0
94,"Mazda CX-5",2019,5542.0,27499.0
95,"Ram 2500",2020,7903.0,70499.0
96,"Kia Sorento",2017,35425.0,26280.0
97,"Jeep Wrangler",2019,27497.0,48499.0
98,"BMW 4 Series",2017,21164.0,25999.0
99,"Ford F-150",2014,90873.0,25499.0
100,"Chevrolet Tahoe",2017,80437.0,36999.0
101,"Mazda Mazda3",2019,8921.0,21499.0
102,"Ram 1500",2020,5693.0,44999.0
103,"Mercedes-Benz E-Class",2020,4570.0,59999.0
104,"BMW 5 Series",2018,32354.0,30999.0
105,"Mazda CX-5",2019,25703.0,24999.0
106,"GMC Yukon",2019,33461.0,57499.0
107,"Acura RDX",2018,26001.0,28999.0
108,"Chevrolet Silverado 1500",2019,25714.0,44999.0
109,"GMC Canyon",2018,23102.0,37999.0
110,"Volvo S90",2020,11462.0,39700.0
111,"INFINITI Q50",2016,42811.0,27999.0
112,"Nissan Titan",2015,80685.0,25823.0
113,"GMC Sierra 1500",2019,39495.0,50999.0
114,"Lexus NX",2020,10803.0,35499.0
115,"Mazda CX-5",2018,51993.0,22999.0
116,"Acura MDX",2015,71442.0,21642.0
117,"Mazda Mazda3",2018,20917.0,19999.0
118,"Subaru WRX",2018,46067.0,33499.0
119,"Ford Mustang",2018,29148.0,37499.0
120,"Hyundai Santa Fe Sport",2018,45549.0,19999.0
121,"Chevrolet Silverado 1500",2018,32605.0,40499.0
122,"Volvo XC90",2018,32656.0,38999.0
123,"Audi SQ5",2018,20360.0,42999.0
124,"Mazda CX-5",2019,5542.0,27499.0
125,"Ram 2500",2020,7903.0,70499.0
126,"Kia Sorento",2017,35425.0,26280.0
127,"Jeep Wrangler",2019,27497.0,48499.0
128,"BMW 4 Series",2017,21164.0,25999.0
129,"Ford F-150",2014,90873.0,25499.0
130,"Chevrolet Tahoe",2017,80437.0,36999.0
131,"Mazda Mazda3",2019,8921.0,21499.0
132,"Ram 1500",2020,5693.0,44999.0
133,"Mercedes-Benz E-Class",2020,4570.0,59999.0
134,"BMW 5 Series",2018,32354.0,30999.0
135,"Mazda CX-5",2019,25703.0,24999.0
136,"GMC Yukon",2019,33461.0,57499.0
137,"Acura RDX",2018,26001.0,28999.0
138,"Chevrolet Silverado 1500",2019,25714.0,44999.0
139,"GMC Canyon",2018,23102.0,37999.0
140,"Volvo S90",2020,11462.0,39700.0
141,"INFINITI Q50",2016,42811.0,27999.0
142,"Nissan Titan",2015,80685.0,25823.0
143,"GMC Sierra 1500",2019,39495.0,50999.0
144,"Lexus NX",2020,10803.0,35499.0
145,"Mazda CX-5",2018,51993.0,22999.0
146,"Acura MDX",2015,71442.0,21642.0
147,"Mazda Mazda3",2018,20917.0,19999.0
148,"Subaru WRX",2018,46067.0,33499.0
149,"Ford Mustang",2018,29148.0,37499.0
150,"Hyundai Santa Fe Sport",2018,45549.0,19999.0
151,"Chevrolet Silverado 1500",2018,32605.0,40499.0
152,"Nissan JUKE",2014,60214.0,11999.0
153,"Acura RDX",2018,21779.0,28999.0
154,"Chevrolet Silverado 1500",2020,4960.0,52999.0
155,"Ford Super Duty F-250",2017,27276.0,64999.0
156,"Land Rover Discovery Sport",2019,5591.0,39499.0
157,"Land Rover Range Rover Sport",2018,49750.0,54999.0
158,"BMW i3",2015,49004.0,14999.0
159,"BMW 5 Series",2019,14866.0,40999.0
160,"Jeep Wrangler",2019,18643.0,36999.0
161,"Ram 1500",2020,5693.0,44999.0
162,"Nissan Titan",2017,28284.0,36999.0
163,"BMW 3 Series",2017,24233.0,21999.0
164,"Maserati Levante",2017,28947.0,50999.0
165,"Jeep Renegade",2017,38050.0,19999.0
166,"Lexus ES",2020,4732.0,43180.0
167,"Nissan Rogue Sport",2020,5715.0,21999.0
168,"Lexus NX",2020,21316.0,34999.0
169,"Cadillac CT6",2017,51257.0,30999.0
170,"Mazda CX-5",2019,25703.0,24999.0
171,"GMC Terrain",2019,32333.0,30499.0
172,"Audi S5",2018,30294.0,43999.0
173,"Ford Mustang",2015,97794.0,16250.0
174,"Subaru Outback",2016,26660.0,20999.0
175,"Honda Civic",2020,6801.0,24499.0
176,"Land Rover Discovery",2017,26572.0,42999.0
177,"Ford Fusion",2017,41281.0,16999.0
178,"Toyota Highlander",2020,10431.0,42999.0
179,"Toyota Tacoma",2017,43887.0,25999.0
180,"Alfa Romeo Giulia",2018,25265.0,25999.0
181,"GMC Canyon",2018,23102.0,37999.0
182,"Volvo XC90",2018,32656.0,38999.0
183,"Audi SQ5",2018,20360.0,42999.0
184,"Mazda CX-5",2019,5542.0,27499.0
185,"Ram 2500",2020,7903.0,70499.0
186,"Kia Sorento",2017,35425.0,26280.0
187,"Jeep Wrangler",2019,27497.0,48499.0
188,"BMW 4 Series",2017,21164.0,25999.0
189,"Ford F-150",2014,90873.0,25499.0
190,"Chevrolet Tahoe",2017,80437.0,36999.0
191,"Mazda Mazda3",2019,8921.0,21499.0
192,"Ram 1500",2020,5693.0,44999.0
193,"Mercedes-Benz E-Class",2020,4570.0,59999.0
194,"BMW 5 Series",2018,32354.0,30999.0
195,"Mazda CX-5",2019,25703.0,24999.0
196,"GMC Yukon",2019,33461.0,57499.0
197,"Acura RDX",2018,26001.0,28999.0
198,"Chevrolet Silverado 1500",2019,25714.0,44999.0
199,"GMC Canyon",2018,23102.0,37999.0
200,"Volvo S90",2020,11462.0,39700.0
201,"INFINITI Q50",2016,42811.0,27999.0
202,"Nissan Titan",2015,80685.0,25823.0
203,"GMC Sierra 1500",2019,39495.0,50999.0
204,"Lexus NX",2020,10803.0,35499.0
205,"Mazda CX-5",2018,51993.0,22999.0
206,"Acura MDX",2015,71442.0,21642.0
207,"Mazda Mazda3",2018,20917.0,19999.0
208,"Subaru WRX",2018,46067.0,33499.0
209,"Ford Mustang",2018,29148.0,37499.0
210,"Hyundai Santa Fe Sport",2018,45549.0,19999.0
211,"Chevrolet Silverado 1500",2018,32605.0,40499.0
212,"Volvo XC90",2018,32656.0,38999.0
213,"Audi SQ5",2018,20360.0,42999.0
214,"Mazda CX-5",2019,5542.0,27499.0
215,"Ram 2500",2020,7903.0,70499.0
216,"Kia Sorento",2017,35425.0,26280.0
217,"Jeep Wrangler",2019,27497.0,48499.0
218,"BMW 4 Series",2017,21164.0,25999.0
219,"Ford F-150",2014,90873.0,25499.0
220,"Chevrolet Tahoe",2017,80437.0,36999.0
221,"Mazda Mazda3",2019,8921.0,21499.0
222,"Ram 1500",2020,5693.0,44999.0
223,"Mercedes-Benz E-Class",2020,4570.0,59999.0
224,"BMW 5 Series",2018,32354.0,30999.0
225,"Mazda CX-5",2019,25703.0,24999.0
226,"GMC Yukon",2019,33461.0,57499.0
227,"Acura RDX",2018,26001.0,28999.0
228,"Chevrolet Silverado 1500",2019,25714.0,44999.0
229,"GMC Canyon",2018,23102.0,37999.0
230,"Volvo S90",2020,11462.0,39700.0
231,"INFINITI Q50",2016,42811.0,27999.0
232,"Nissan Titan",2015,80685.0,25823.0
233,"GMC Sierra 1500",2019,39495.0,50999.0
234,"Lexus NX",2020,10803.0,35499.0
235,"Mazda CX-5",2018,51993.0,22999.0
236,"Acura MDX",2015,71442.0,21642.0
237,"Mazda Mazda3",2018,20917.0,19999.0
238,"Subaru WRX",2018,46067.0,33499.0
239,"Ford Mustang",2018,29148.0,37499.0
240,"Hyundai Santa Fe Sport",2018,45549.0,19999.0
241,"Chevrolet Silverado 1500",2018,32605.0,40499.0
242,"Volvo XC90",2018,32656.0,38999.0
243,"Audi SQ5",2018,20360.0,42999.0
244,"Mazda CX-5",2019,5542.0,27499.0
245,"Ram 2500",2020,7903.0,70499.0
246,"Kia Sorento",2017,35425.0,26280.0
247,"Jeep Wrangler",2019,27497.0,48499.0
248,"BMW 4 Series",2017,21164.0,25999.0
249,"Ford F-150",2014,90873.0,25499.0
250,"Chevrolet Tahoe",2017,80437.0,36999.0
251,"Mazda Mazda3",2019,8921.0,21499.0
252,"Ram 1500",2020,5693.0,44999.0
253,"Mercedes-Benz E-Class",2020,4570.0,59999.0
254,"BMW 5 Series",2018,32354.0,30999.0
255,"Mazda CX-5",2019,25703.0,24999.0
256,"GMC Yukon",2019,33461.0,57499.0
257,"Acura RDX",2018,26001.0,28999.0
258,"Chevrolet Silverado 1500",2019,25714.0,44999.0
259,"GMC Canyon",2018,23102.0,37999.0
260,"Volvo S90",2020,11462.0,39700.0
261,"INFINITI Q50",2016,42811.0,27999.0
262,"Nissan Titan",2015,80685.0,25823.0
263,"GMC Sierra 1500",2019,39495.0,50999.0
264,"Lexus NX",2020,10803.0,35499.0
265,"Mazda CX-5",2018,51993.0,22999.0
266,"Acura MDX",2015,71442.0,21642.0
267,"Mazda Mazda3",2018,20917.0,19999.0
268,"Subaru WRX",2018,46067.0,33499.0
269,"Ford Mustang",2018,29148.0,37499.0
270,"Hyundai Santa Fe Sport",2018,45549.0,19999.0
271,"Chevrolet Silverado 1500",2018,32605.0,40499.0
272,"Volvo XC90",2018,32656.0,38999.0
273,"Audi SQ5",2018,20360.0,42999.0
274,"Mazda CX-5",2019,5542.0,27499.0
275,"Ram 2500",2020,7903.0,70499.0
276,"Kia Sorento",2017,35425.0,26280.0
277,"Jeep Wrangler",2019,27497.0,48499.0
278,"BMW 4 Series",2017,21164.0,25999.0
279,"Ford F-150",2014,90873.0,25499.0
280,"Chevrolet Tahoe",2017,80437.0,36999.0
281,"Mazda Mazda3",2019,8921.0,21499.0
282,"Ram 1500",2020,5693.0,44999.0
283,"Mercedes-Benz E-Class",2020,4570.0,59999.0
284,"BMW 5 Series",2018,32354.0,30999.0
285,"Mazda CX-5",2019,25703.0,24999.0
286,"GMC Yukon",2019,33461.0,57499.0
287,"Acura RDX",2018,26001.0,28999.0
288,"Chevrolet Silverado 1500",2019,25714.0,44999.0
289,"GMC Canyon",2018,23102.0,37999.0
290,"Volvo S90",2020,11462.0,39700.0
291,"INFINITI Q50",2016,42811.0,27999.0
292,"Nissan Titan",2015,80685.0,25823.0
293,"GMC Sierra 1500",2019,39495.0,50999.0
294,"Lexus NX",2020,10803.0,35499.0
295,"Mazda CX-5",2018,51993.0,22999.0
296,"Acura MDX",2015,71442.0,21642.0
297,"Mazda Mazda3",2018,20917.0,19999.0
298,"Subaru WRX",2018,46067.0,33499.0
299,"Ford Mustang",2018,29148.0,37499.0
300,"Hyundai Santa Fe Sport",2018,45549.0,19999.0
301,"Chevrolet Silverado 1500",2018,32605.0,40499.0
302,"Nissan JUKE",2014,60214.0,11999.0
303,"Acura RDX",2018,21779.0,28999.0
304,"Chevrolet Silverado 1500",2020,4960.0,52999.0
305,"Ford Super Duty F-250",2017,27276.0,64999.0
306,"Land Rover Discovery Sport",2019,5591.0,39499.0
307,"Land Rover Range Rover Sport",2018,49750.0,54999.0
308,"BMW i3",2015,49004.0,14999.0
309,"BMW 5 Series",2019,14866.0,40999.0
310,"Jeep Wrangler",2019,18643.0,36999.0
311,"Ram 1500",2020,5693.0,44999.0
312,"Nissan Titan",2017,28284.0,36999.0
313,"BMW 3 Series",2017,24233.0,21999.0
314,"Maserati Levante",2017,28947.0,50999.0
315,"Jeep Renegade",2017,38050.0,19999.0
316,"Lexus ES",2020,4732.0,43180.0
317,"Nissan Rogue Sport",2020,5715.0,21999.0
318,"Lexus NX",2020,21316.0,34999.0
319,"Cadillac CT6",2017,51257.0,30999.0
320,"Mazda CX-5",2019,25703.0,24999.0
321,"GMC Terrain",2019,32333.0,30499.0
322,"Audi S5",2018,30294.0,43999.0
323,"Ford Mustang",2015,97794.0,16250.0
324,"Subaru Outback",2016,26660.0,20999.0
325,"Honda Civic",2020,6801.0,24499.0
326,"Land Rover Discovery",2017,26572.0,42999.0
327,"Ford Fusion",2017,41281.0,16999.0
328,"Toyota Highlander",2020,10431.0,42999.0
329,"Toyota Tacoma",2017,43887.0,25999.0
330,"Alfa Romeo Giulia",2018,25265.0,25999.0
331,"GMC Canyon",2018,23102.0,37999.0
332,"Volvo XC90",2018,32656.0,38999.0
333,"Audi SQ5",2018,20360.0,42999.0
334,"Mazda CX-5",2019,5542.0,27499.0
335,"Ram 2500",2020,7903.0,70499.0
336,"Kia Sorento",2017,35425.0,26280.0
337,"Jeep Wrangler",2019,27497.0,48499.0
338,"BMW 4 Series",2017,21164.0,25999.0
339,"Ford F-150",2014,90873.0,25499.0
340,"Chevrolet Tahoe",2017,80437.0,36999.0
341,"Mazda Mazda3",2019,8921.0,21499.0
342,"Ram 1500",2020,5693.0,44999.0
343,"Mercedes-Benz E-Class",2020,4570.0,59999.0
344,"BMW 5 Series",2018,32354.0,30999.0
345,"Mazda CX-5",2019,25703.0,24999.0
346,"GMC Yukon",2019,33461.0,57499.0
347,"Acura RDX",2018,26001.0,28999.0
348,"Chevrolet Silverado 1500",2019,25714.0,44999.0
349,"GMC Canyon",2018,23102.0,37999.0
350,"Volvo S90",2020,11462.0,39700.0
351,"INFINITI Q50",2016,42811.0,27999.0
352,"Nissan Titan",2015,80685.0,25823.0
353,"GMC Sierra 1500",2019,39495.0,50999.0
354,"Lexus NX",2020,10803.0,35499.0
355,"Mazda CX-5",2018,51993.0,22999.0
356,"Acura MDX",2015,71442.0,21642.0
357,"Mazda Mazda3",2018,20917.0,19999.0
358,"Subaru WRX",2018,46067.0,33499.0
359,"Ford Mustang",2018,29148.0,37499.0
360,"Hyundai Santa Fe Sport",2018,45549.0,19999.0
361,"Chevrolet Silverado 1500",2018,32605.0,40499.0
362,"Nissan JUKE",2014,60214.0,11999.0
363,"Acura RDX",2018,21779.0,28999.0
364,"Chevrolet Silverado 1500",2020,4960.0,52999.0
365,"Ford Super Duty F-250",2017,27276.0,64999.0
366,"Land Rover Discovery Sport",2019,5591.0,39499.0
367,"Land Rover Range Rover Sport",2018,49750.0,54999.0
368,"BMW i3",2015,49004.0,14999.0
369,"BMW 5 Series",2019,14866.0,40999.0
370,"Jeep Wrangler",2019,18643.0,36999.0
371,"Ram 1500",2020,5693.0,44999.0
372,"Nissan Titan",2017,28284.0,36999.0
373,"BMW 3 Series",2017,24233.0,21999.0
374,"Maserati Levante",2017,28947.0,50999.0
375,"Jeep Renegade",2017,38050.0,19999.0
376,"Lexus ES",2020,4732.0,43180.0
377,"Nissan Rogue Sport",2020,5715.0,21999.0
378,"Lexus NX",2020,21316.0,34999.0
379,"Cadillac CT6",2017,51257.0,30999.0
380,"Mazda CX-5",2019,25703.0,24999.0
381,"GMC Terrain",2019,32333.0,30499.0
382,"Audi S5",2018,30294.0,43999.0
383,"Ford Mustang",2015,97794.0,16250.0
384,"Subaru Outback",2016,26660.0,20999.0
385,"Honda Civic",2020,6801.0,24499.0
386,"Land Rover Discovery",2017,26572.0,42999.0
387,"Ford Fusion",2017,41281.0,16999.0
388,"Toyota Highlander",2020,10431.0,42999.0
389,"Toyota Tacoma",2017,43887.0,25999.0
390,"Alfa Romeo Giulia",2018,25265.0,25999.0
391,"GMC Canyon",2018,23102.0,37999.0
392,"Nissan JUKE",2014,60214.0,11999.0
393,"Acura RDX",2018,21779.0,28999.0
394,"Chevrolet Silverado 1500",2020,4960.0,52999.0
395,"Ford Super Duty F-250",2017,27276.0,64999.0
396,"Land Rover Discovery Sport",2019,5591.0,39499.0
397,"Land Rover Range Rover Sport",2018,49750.0,54999.0
398,"BMW i3",2015,49004.0,14999.0
399,"BMW 5 Series",2019,14866.0,40999.0
400,"Jeep Wrangler",2019,18643.0,36999.0
401,"Ram 1500",2020,5693.0,44999.0
402,"Nissan Titan",2017,28284.0,36999.0
403,"BMW 3 Series",2017,24233.0,21999.0
404,"Maserati Levante",2017,28947.0,50999.0
405,"Jeep Renegade",2017,38050.0,19999.0
406,"Lexus ES",2020,4732.0,43180.0
407,"Nissan Rogue Sport",2020,5715.0,21999.0
408,"Lexus NX",2020,21316.0,34999.0
409,"Cadillac CT6",2017,51257.0,30999.0
410,"Mazda CX-5",2019,25703.0,24999.0
411,"GMC Terrain",2019,32333.0,30499.0
412,"Audi S5",2018,30294.0,43999.0
413,"Ford Mustang",2015,97794.0,16250.0
414,"Subaru Outback",2016,26660.0,20999.0
415,"Honda Civic",2020,6801.0,24499.0
416,"Land Rover Discovery",2017,26572.0,42999.0
417,"Ford Fusion",2017,41281.0,16999.0
418,"Toyota Highlander",2020,10431.0,42999.0
419,"Toyota Tacoma",2017,43887.0,25999.0
420,"Alfa Romeo Giulia",2018,25265.0,25999.0
421,"GMC Canyon",2018,23102.0,37999.0
422,"Volvo XC90",2018,32656.0,38999.0
423,"Audi SQ5",2018,20360.0,42999.0
424,"Mazda CX-5",2019,5542.0,27499.0
425,"Ram 2500",2020,7903.0,70499.0
426,"Kia Sorento",2017,35425.0,26280.0
427,"Jeep Wrangler",2019,27497.0,48499.0
428,"BMW 4 Series",2017,21164.0,25999.0
429,"Ford F-150",2014,90873.0,25499.0
430,"Chevrolet Tahoe",2017,80437.0,36999.0
431,"Mazda Mazda3",2019,8921.0,21499.0
432,"Ram 1500",2020,5693.0,44999.0
433,"Mercedes-Benz E-Class",2020,4570.0,59999.0
434,"BMW 5 Series",2018,32354.0,30999.0
435,"Mazda CX-5",2019,25703.0,24999.0
436,"GMC Yukon",2019,33461.0,57499.0
437,"Acura RDX",2018,26001.0,28999.0
438,"Chevrolet Silverado 1500",2019,25714.0,44999.0
439,"GMC Canyon",2018,23102.0,37999.0
440,"Volvo S90",2020,11462.0,39700.0
441,"INFINITI Q50",2016,42811.0,27999.0
442,"Nissan Titan",2015,80685.0,25823.0
443,"GMC Sierra 1500",2019,39495.0,50999.0
444,"Lexus NX",2020,10803.0,35499.0
445,"Mazda CX-5",2018,51993.0,22999.0
446,"Acura MDX",2015,71442.0,21642.0
447,"Mazda Mazda3",2018,20917.0,19999.0
448,"Subaru WRX",2018,46067.0,33499.0
449,"Ford Mustang",2018,29148.0,37499.0
450,"Hyundai Santa Fe Sport",2018,45549.0,19999.0
451,"Chevrolet Silverado 1500",2018,32605.0,40499.0
452,"Volvo XC90",2018,32656.0,38999.0
453,"Audi SQ5",2018,20360.0,42999.0
454,"Mazda CX-5",2019,5542.0,27499.0
455,"Ram 2500",2020,7903.0,70499.0
456,"Kia Sorento",2017,35425.0,26280.0
457,"Jeep Wrangler",2019,27497.0,48499.0
458,"BMW 4 Series",2017,21164.0,25999.0
459,"Ford F-150",2014,90873.0,25499.0
460,"Chevrolet Tahoe",2017,80437.0,36999.0
461,"Mazda Mazda3",2019,8921.0,21499.0
462,"Ram 1500",2020,5693.0,44999.0
463,"Mercedes-Benz E-Class",2020,4570.0,59999.0
464,"BMW 5 Series",2018,32354.0,30999.0
465,"Mazda CX-5",2019,25703.0,24999.0
466,"GMC Yukon",2019,33461.0,57499.0
467,"Acura RDX",2018,26001.0,28999.0
468,"Chevrolet Silverado 1500",2019,25714.0,44999.0
469,"GMC Canyon",2018,23102.0,37999.0
470,"Volvo S90",2020,11462.0,39700.0
471,"INFINITI Q50",2016,42811.0,27999.0
472,"Nissan Titan",2015,80685.0,25823.0
473,"GMC Sierra 1500",2019,39495.0,50999.0
474,"Lexus NX",2020,10803.0,35499.0
475,"Mazda CX-5",2018,51993.0,22999.0
476,"Acura MDX",2015,71442.0,21642.0
477,"Mazda Mazda3",2018,20917.0,19999.0
478,"Subaru WRX",2018,46067.0,33499.0
479,"Ford Mustang",2018,29148.0,37499.0
480,"Hyundai Santa Fe Sport",2018,45549.0,19999.0
481,"Chevrolet Silverado 1500",2018,32605.0,40499.0
482,"Nissan JUKE",2014,60214.0,11999.0
483,"Acura RDX",2018,21779.0,28999.0
484,"Chevrolet Silverado 1500",2020,4960.0,52999.0
485,"Ford Super Duty F-250",2017,27276.0,64999.0
486,"Land Rover Discovery Sport",2019,5591.0,39499.0
487,"Land Rover Range Rover Sport",2018,49750.0,54999.0
488,"BMW i3",2015,49004.0,14999.0
489,"BMW 5 Series",2019,14866.0,40999.0
490,"Jeep Wrangler",2019,18643.0,36999.0
491,"Ram 1500",2020,5693.0,44999.0
492,"Nissan Titan",2017,28284.0,36999.0
493,"BMW 3 Series",2017,24233.0,21999.0
494,"Maserati Levante",2017,28947.0,50999.0
495,"Jeep Renegade",2017,38050.0,19999.0
496,"Lexus ES",2020,4732.0,43180.0
497,"Nissan Rogue Sport",2020,5715.0,21999.0
498,"Lexus NX",2020,21316.0,34999.0
499,"Cadillac CT6",2017,51257.0,30999.0
500,"Mazda CX-5",2019,25703.0,24999.0
501,"GMC Terrain",2019,32333.0,30499.0
502,"Audi S5",2018,30294.0,43999.0
503,"Ford Mustang",2015,97794.0,16250.0
504,"Subaru Outback",2016,26660.0,20999.0
505,"Honda Civic",2020,6801.0,24499.0
506,"Land Rover Discovery",2017,26572.0,42999.0
507,"Ford Fusion",2017,41281.0,16999.0
508,"Toyota Highlander",2020,10431.0,42999.0
509,"Toyota Tacoma",2017,43887.0,25999.0
510,"Alfa Romeo Giulia",2018,25265.0,25999.0
511,"GMC Canyon",2018,23102.0,37999.0
512,"Volvo XC90",2018,32656.0,38999.0
513,"Audi SQ5",2018,20360.0,42999.0
514,"Mazda CX-5",2019,5542.0,27499.0
515,"Ram 2500",2020,7903.0,70499.0
516,"Kia Sorento",2017,35425.0,26280.0
517,"Jeep Wrangler",2019,27497.0,48499.0
518,"BMW 4 Series",2017,21164.0,25999.0
519,"Ford F-150",2014,90873.0,25499.0
520,"Chevrolet Tahoe",2017,80437.0,36999.0
521,"Mazda Mazda3",2019,8921.0,21499.0
522,"Ram 1500",2020,5693.0,44999.0
523,"Mercedes-Benz E-Class",2020,4570.0,59999.0
524,"BMW 5 Series",2018,32354.0,30999.0
525,"Mazda CX-5",2019,25703.0,24999.0
526,"GMC Yukon",2019,33461.0,57499.0
527,"Acura RDX",2018,26001.0,28999.0
528,"Chevrolet Silverado 1500",2019,25714.0,44999.0
529,"GMC Canyon",2018,23102.0,37999.0
530,"Volvo S90",2020,11462.0,39700.0
531,"INFINITI Q50",2016,42811.0,27999.0
532,"Nissan Titan",2015,80685.0,25823.0
533,"GMC Sierra 1500",2019,39495.0,50999.0
534,"Lexus NX",2020,10803.0,35499.0
535,"Mazda CX-5",2018,51993.0,22999.0
536,"Acura MDX",2015,71442.0,21642.0
537,"Mazda Mazda3",2018,20917.0,19999.0
538,"Subaru WRX",2018,46067.0,33499.0
539,"Ford Mustang",2018,29148.0,37499.0
540,"Hyundai Santa Fe Sport",2018,45549.0,19999.0
541,"Chevrolet Silverado 1500",2018,32605.0,40499.0
542,"Volvo XC90",2018,32656.0,38999.0
543,"Audi SQ5",2018,20360.0,42999.0
544,"Mazda CX-5",2019,5542.0,27499.0
545,"Ram 2500",2020,7903.0,70499.0
546,"Kia Sorento",2017,35425.0,26280.0
547,"Jeep Wrangler",2019,27497.0,48499.0
548,"BMW 4 Series",2017,21164.0,25999.0
549,"Ford F-150",2014,90873.0,25499.0
550,"Chevrolet Tahoe",2017,80437.0,36999.0
551,"Mazda Mazda3",2019,8921.0,21499.0
552,"Ram 1500",2020,5693.0,44999.0
553,"Mercedes-Benz E-Class",2020,4570.0,59999.0
554,"BMW 5 Series",2018,32354.0,30999.0
555,"Mazda CX-5",2019,25703.0,24999.0
556,"GMC Yukon",2019,33461.0,57499.0
557,"Acura RDX",2018,26001.0,28999.0
558,"Chevrolet Silverado 1500",2019,25714.0,44999.0
559,"GMC Canyon",2018,23102.0,37999.0
560,"Volvo S90",2020,11462.0,39700.0
561,"INFINITI Q50",2016,42811.0,27999.0
562,"Nissan Titan",2015,80685.0,25823.0
563,"GMC Sierra 1500",2019,39495.0,50999.0
564,"Lexus NX",2020,10803.0,35499.0
565,"Mazda CX-5",2018,51993.0,22999.0
566,"Acura MDX",2015,71442.0,21642.0
567,"Mazda Mazda3",2018,20917.0,19999.0
568,"Subaru WRX",2018,46067.0,33499.0
569,"Ford Mustang",2018,29148.0,37499.0
570,"Hyundai Santa Fe Sport",2018,45549.0,19999.0
571,"Chevrolet Silverado 1500",2018,32605.0,40499.0
572,"Nissan JUKE",2014,60214.0,11999.0
573,"Acura RDX",2018,21779.0,28999.0
574,"Chevrolet Silverado 1500",2020,4960.0,52999.0
575,"Ford Super Duty F-250",2017,27276.0,64999.0
576,"Land Rover Discovery Sport",2019,5591.0,39499.0
577,"Land Rover Range Rover Sport",2018,49750.0,54999.0
578,"BMW i3",2015,49004.0,14999.0
579,"BMW 5 Series",2019,14866.0,40999.0
580,"Jeep Wrangler",2019,18643.0,36999.0
581,"Ram 1500",2020,5693.0,44999.0
582,"Nissan Titan",2017,28284.0,36999.0
583,"BMW 3 Series",2017,24233.0,21999.0
584,"Maserati Levante",2017,28947.0,50999.0
585,"Jeep Renegade",2017,38050.0,19999.0
586,"Lexus ES",2020,4732.0,43180.0
587,"Nissan Rogue Sport",2020,5715.0,21999.0
588,"Lexus NX",2020,21316.0,34999.0
589,"Cadillac CT6",2017,51257.0,30999.0
590,"Mazda CX-5",2019,25703.0,24999.0
591,"GMC Terrain",2019,32333.0,30499.0
592,"Audi S5",2018,30294.0,43999.0
593,"Ford Mustang",2015,97794.0,16250.0
594,"Subaru Outback",2016,26660.0,20999.0
595,"Honda Civic",2020,6801.0,24499.0
596,"Land Rover Discovery",2017,26572.0,42999.0
597,"Ford Fusion",2017,41281.0,16999.0
598,"Toyota Highlander",2020,10431.0,42999.0
599,"Toyota Tacoma",2017,43887.0,25999.0
600,"Alfa Romeo Giulia",2018,25265.0,25999.0
601,"GMC Canyon",2018,23102.0,37999.0
602,"Volvo XC90",2018,32656.0,38999.0
603,"Audi SQ5",2018,20360.0,42999.0
604,"Mazda CX-5",2019,5542.0,27499.0
605,"Ram 2500",2020,7903.0,70499.0
606,"Kia Sorento",2017,35425.0,26280.0
607,"Jeep Wrangler",2019,27497.0,48499.0
608,"BMW 4 Series",2017,21164.0,25999.0
609,"Ford F-150",2014,90873.0,25499.0
610,"Chevrolet Tahoe",2017,80437.0,36999.0
611,"Mazda Mazda3",2019,8921.0,21499.0
612,"Ram 1500",2020,5693.0,44999.0
613,"Mercedes-Benz E-Class",2020,4570.0,59999.0
614,"BMW 5 Series",2018,32354.0,30999.0
615,"Mazda CX-5",2019,25703.0,24999.0
616,"GMC Yukon",2019,33461.0,57499.0
617,"Acura RDX",2018,26001.0,28999.0
618,"Chevrolet Silverado 1500",2019,25714.0,44999.0
619,"GMC Canyon",2018,23102.0,37999.0
620,"Volvo S90",2020,11462.0,39700.0
621,"INFINITI Q50",2016,42811.0,27999.0
622,"Nissan Titan",2015,80685.0,25823.0
623,"GMC Sierra 1500",2019,39495.0,50999.0
624,"Lexus NX",2020,10803.0,35499.0
625,"Mazda CX-5",2018,51993.0,22999.0
626,"Acura MDX",2015,71442.0,21642.0
627,"Mazda Mazda3",2018,20917.0,19999.0
628,"Subaru WRX",2018,46067.0,33499.0
629,"Ford Mustang",2018,29148.0,37499.0
630,"Hyundai Santa Fe Sport",2018,45549.0,19999.0
631,"Chevrolet Silverado 1500",2018,32605.0,40499.0
632,"Volvo XC90",2018,32656.0,38999.0
633,"Audi SQ5",2018,20360.0,42999.0
634,"Mazda CX-5",2019,5542.0,27499.0
635,"Ram 2500",2020,7903.0,70499.0
636,"Kia Sorento",2017,35425.0,26280.0
637,"Jeep Wrangler",2019,27497.0,48499.0
638,"BMW 4 Series",2017,21164.0,25999.0
639,"Ford F-150",2014,90873.0,25499.0
640,"Chevrolet Tahoe",2017,80437.0,36999.0
641,"Mazda Mazda3",2019,8921.0,21499.0
642,"Ram 1500",2020,5693.0,44999.0
643,"Mercedes-Benz E-Class",2020,4570.0,59999.0
644,"BMW 5 Series",2018,32354.0,30999.0
645,"Mazda CX-5",2019,25703.0,24999.0
646,"GMC Yukon",2019,33461.0,57499.0
647,"Acura RDX",2018,26001.0,28999.0
648,"Chevrolet Silverado 1500",2019,25714.0,44999.0
649,"GMC Canyon",2018,23102.0,37999.0
650,"Volvo S90",2020,11462.0,39700.0
651,"INFINITI Q50",2016,42811.0,27999.0
652,"Nissan Titan",2015,80685.0,25823.0
653,"GMC Sierra 1500",2019,39495.0,50999.0
654,"Lexus NX",2020,10803.0,35499.0
655,"Mazda CX-5",2018,51993.0,22999.0
656,"Acura MDX",2015,71442.0,21642.0
657,"Mazda Mazda3",2018,20917.0,19999.0
658,"Subaru WRX",2018,46067.0,33499.0
659,"Ford Mustang",2018,29148.0,37499.0
660,"Hyundai Santa Fe Sport",2018,45549.0,19999.0
661,"Chevrolet Silverado 1500",2018,32605.0,40499.0
662,"Nissan JUKE",2014,60214.0,11999.0
663,"Acura RDX",2018,21779.0,28999.0
664,"Chevrolet Silverado 1500",2020,4960.0,52999.0
665,"Ford Super Duty F-250",2017,27276.0,64999.0
666,"Land Rover Discovery Sport",2019,5591.0,39499.0
667,"Land Rover Range Rover Sport",2018,49750.0,54999.0
668,"BMW i3",2015,49004.0,14999.0
669,"BMW 5 Series",2019,14866.0,40999.0
670,"Jeep Wrangler",2019,18643.0,36999.0
671,"Ram 1500",2020,5693.0,44999.0
672,"Nissan Titan",2017,28284.0,36999.0
673,"BMW 3 Series",2017,24233.0,21999.0
674,"Maserati Levante",2017,28947.0,50999.0
675,"Jeep Renegade",2017,38050.0,19999.0
676,"Lexus ES",2020,4732.0,43180.0
677,"Nissan Rogue Sport",2020,5715.0,21999.0
678,"Lexus NX",2020,21316.0,34999.0
679,"Cadillac CT6",2017,51257.0,30999.0
680,"Mazda CX-5",2019,25703.0,24999.0
681,"GMC Terrain",2019,32333.0,30499.0
682,"Audi S5",2018,30294.0,43999.0
683,"Ford Mustang",2015,97794.0,16250.0
684,"Subaru Outback",2016,26660.0,20999.0
685,"Honda Civic",2020,6801.0,24499.0
686,"Land Rover Discovery",2017,26572.0,42999.0
687,"Ford Fusion",2017,41281.0,16999.0
688,"Toyota Highlander",2020,10431.0,42999.0
689,"Toyota Tacoma",2017,43887.0,25999.0
690,"Alfa Romeo Giulia",2018,25265.0,25999.0
691,"GMC Canyon",2018,23102.0,37999.0
692,"Nissan JUKE",2014,60214.0,11999.0
693,"Acura RDX",2018,21779.0,28999.0
694,"Chevrolet Silverado 1500",2020,4960.0,52999.0
695,"Ford Super Duty F-250",2017,27276.0,64999.0
696,"Land Rover Discovery Sport",2019,5591.0,39499.0
697,"Land Rover Range Rover Sport",2018,49750.0,54999.0
698,"BMW i3",2015,49004.0,14999.0
699,"BMW 5 Series",2019,14866.0,40999.0
700,"Jeep Wrangler",2019,18643.0,36999.0
701,"Ram 1500",2020,5693.0,44999.0
702,"Nissan Titan",2017,28284.0,36999.0
703,"BMW 3 Series",2017,24233.0,21999.0
704,"Maserati Levante",2017,28947.0,50999.0
705,"Jeep Renegade",2017,38050.0,19999.0
706,"Lexus ES",2020,4732.0,43180.0
707,"Nissan Rogue Sport",2020,5715.0,21999.0
708,"Lexus NX",2020,21316.0,34999.0
709,"Cadillac CT6",2017,51257.0,30999.0
710,"Mazda CX-5",2019,25703.0,24999.0
711,"GMC Terrain",2019,32333.0,30499.0
712,"Audi S5",2018,30294.0,43999.0
713,"Ford Mustang",2015,97794.0,16250.0
714,"Subaru Outback",2016,26660.0,20999.0
715,"Honda Civic",2020,6801.0,24499.0
716,"Land Rover Discovery",2017,26572.0,42999.0
717,"Ford Fusion",2017,41281.0,16999.0
718,"Toyota Highlander",2020,10431.0,42999.0
719,"Toyota Tacoma",2017,43887.0,25999.0
720,"Alfa Romeo Giulia",2018,25265.0,25999.0
721,"GMC Canyon",2018,23102.0,37999.0
722,"Volvo XC90",2018,32656.0,38999.0
723,"Audi SQ5",2018,20360.0,42999.0
724,"Mazda CX-5",2019,5542.0,27499.0
725,"Ram 2500",2020,7903.0,70499.0
726,"Kia Sorento",2017,35425.0,26280.0
727,"Jeep Wrangler",2019,27497.0,48499.0
728,"BMW 4 Series",2017,21164.0,25999.0
729,"Ford F-150",2014,90873.0,25499.0
730,"Chevrolet Tahoe",2017,80437.0,36999.0
731,"Mazda Mazda3",2019,8921.0,21499.0
732,"Ram 1500",2020,5693.0,44999.0
733,"Mercedes-Benz E-Class",2020,4570.0,59999.0
734,"BMW 5 Series",2018,32354.0,30999.0
735,"Mazda CX-5",2019,25703.0,24999.0
736,"GMC Yukon",2019,33461.0,57499.0
737,"Acura RDX",2018,26001.0,28999.0
738,"Chevrolet Silverado 1500",2019,25714.0,44999.0
739,"GMC Canyon",2018,23102.0,37999.0
740,"Volvo S90",2020,11462.0,39700.0
741,"INFINITI Q50",2016,42811.0,27999.0
742,"Nissan Titan",2015,80685.0,25823.0
743,"GMC Sierra 1500",2019,39495.0,50999.0
744,"Lexus NX",2020,10803.0,35499.0
745,"Mazda CX-5",2018,51993.0,22999.0
746,"Acura MDX",2015,71442.0,21642.0
747,"Mazda Mazda3",2018,20917.0,19999.0
748,"Subaru WRX",2018,46067.0,33499.0
749,"Ford Mustang",2018,29148.0,37499.0
750,"Hyundai Santa Fe Sport",2018,45549.0,19999.0
751,"Chevrolet Silverado 1500",2018,32605.0,40499.0
752,"Volvo XC90",2018,32656.0,38999.0
753,"Audi SQ5",2018,20360.0,42999.0
754,"Mazda CX-5",2019,5542.0,27499.0
755,"Ram 2500",2020,7903.0,70499.0
756,"Kia Sorento",2017,35425.0,26280.0
757,"Jeep Wrangler",2019,27497.0,48499.0
758,"BMW 4 Series",2017,21164.0,25999.0
759,"Ford F-150",2014,90873.0,25499.0
760,"Chevrolet Tahoe",2017,80437.0,36999.0
761,"Mazda Mazda3",2019,8921.0,21499.0
762,"Ram 1500",2020,5693.0,44999.0
763,"Mercedes-Benz E-Class",2020,4570.0,59999.0
764,"BMW 5 Series",2018,32354.0,30999.0
765,"Mazda CX-5",2019,25703.0,24999.0
766,"GMC Yukon",2019,33461.0,57499.0
767,"Acura RDX",2018,26001.0,28999.0
768,"Chevrolet Silverado 1500",2019,25714.0,44999.0
769,"GMC Canyon",2018,23102.0,37999.0
770,"Volvo S90",2020,11462.0,39700.0
771,"INFINITI Q50",2016,42811.0,27999.0
772,"Nissan Titan",2015,80685.0,25823.0
773,"GMC Sierra 1500",2019,39495.0,50999.0
774,"Lexus NX",2020,10803.0,35499.0
775,"Mazda CX-5",2018,51993.0,22999.0
776,"Acura MDX",2015,71442.0,21642.0
777,"Mazda Mazda3",2018,20917.0,19999.0
778,"Subaru WRX",2018,46067.0,33499.0
779,"Ford Mustang",2018,29148.0,37499.0
780,"Hyundai Santa Fe Sport",2018,45549.0,19999.0
781,"Chevrolet Silverado 1500",2018,32605.0,40499.0
782,"Volvo XC90",2018,32656.0,38999.0
783,"Audi SQ5",2018,20360.0,42999.0
784,"Mazda CX-5",2019,5542.0,27499.0
785,"Ram 2500",2020,7903.0,70499.0
786,"Kia Sorento",2017,35425.0,26280.0
787,"Jeep Wrangler",2019,27497.0,48499.0
788,"BMW 4 Series",2017,21164.0,25999.0
789,"Ford F-150",2014,90873.0,25499.0
790,"Chevrolet Tahoe",2017,80437.0,36999.0
791,"Mazda Mazda3",2019,8921.0,21499.0
792,"Ram 1500",2020,5693.0,44999.0
793,"Mercedes-Benz E-Class",2020,4570.0,59999.0
794,"BMW 5 Series",2018,32354.0,30999.0
795,"Mazda CX-5",2019,25703.0,24999.0
796,"GMC Yukon",2019,33461.0,57499.0
797,"Acura RDX",2018,26001.0,28999.0
798,"Chevrolet Silverado 1500",2019,25714.0,44999.0
799,"GMC Canyon",2018,23102.0,37999.0
800,"Volvo S90",2020,11462.0,39700.0
801,"INFINITI Q50",2016,42811.0,27999.0
802,"Nissan Titan",2015,80685.0,25823.0
803,"GMC Sierra 1500",2019,39495.0,50999.0
804,"Lexus NX",2020,10803.0,35499.0
805,"Mazda CX-5",2018,51993.0,22999.0
806,"Acura MDX",2015,71442.0,21642.0
807,"Mazda Mazda3",2018,20917.0,19999.0
808,"Subaru WRX",2018,46067.0,33499.0
809,"Ford Mustang",2018,29148.0,37499.0
810,"Hyundai Santa Fe Sport",2018,45549.0,19999.0
811,"Chevrolet Silverado 1500",2018,32605.0,40499.0
812,"Nissan JUKE",2014,60214.0,11999.0
813,"Acura RDX",2018,21779.0,28999.0
814,"Chevrolet Silverado 1500",2020,4960.0,52999.0
815,"Ford Super Duty F-250",2017,27276.0,64999.0
816,"Land Rover Discovery Sport",2019,5591.0,39499.0
817,"Land Rover Range Rover Sport",2018,49750.0,54999.0
818,"BMW i3",2015,49004.0,14999.0
819,"BMW 5 Series",2019,14866.0,40999.0
820,"Jeep Wrangler",2019,18643.0,36999.0
821,"Ram 1500",2020,5693.0,44999.0
822,"Nissan Titan",2017,28284.0,36999.0
823,"BMW 3 Series",2017,24233.0,21999.0
824,"Maserati Levante",2017,28947.0,50999.0
825,"Jeep Renegade",2017,38050.0,19999.0
826,"Lexus ES",2020,4732.0,43180.0
827,"Nissan Rogue Sport",2020,5715.0,21999.0
828,"Lexus NX",2020,21316.0,34999.0
829,"Cadillac CT6",2017,51257.0,30999.0
830,"Mazda CX-5",2019,25703.0,24999.0
831,"GMC Terrain",2019,32333.0,30499.0
832,"Audi S5",2018,30294.0,43999.0
833,"Ford Mustang",2015,97794.0,16250.0
834,"Subaru Outback",2016,26660.0,20999.0
835,"Honda Civic",2020,6801.0,24499.0
836,"Land Rover Discovery",2017,26572.0,42999.0
837,"Ford Fusion",2017,41281.0,16999.0
838,"Toyota Highlander",2020,10431.0,42999.0
839,"Toyota Tacoma",2017,43887.0,25999.0
840,"Alfa Romeo Giulia",2018,25265.0,25999.0
841,"GMC Canyon",2018,23102.0,37999.0
842,"Nissan JUKE",2014,60214.0,11999.0
843,"Acura RDX",2018,21779.0,28999.0
844,"Chevrolet Silverado 1500",2020,4960.0,52999.0
845,"Ford Super Duty F-250",2017,27276.0,64999.0
846,"Land Rover Discovery Sport",2019,5591.0,39499.0
847,"Land Rover Range Rover Sport",2018,49750.0,54999.0
848,"BMW i3",2015,49004.0,14999.0
849,"BMW 5 Series",2019,14866.0,40999.0
850,"Jeep Wrangler",2019,18643.0,36999.0
851,"Ram 1500",2020,5693.0,44999.0
852,"Nissan Titan",2017,28284.0,36999.0
853,"BMW 3 Series",2017,24233.0,21999.0
854,"Maserati Levante",2017,28947.0,50999.0
855,"Jeep Renegade",2017,38050.0,19999.0
856,"Lexus ES",2020,4732.0,43180.0
857,"Nissan Rogue Sport",2020,5715.0,21999.0
858,"Lexus NX",2020,21316.0,34999.0
859,"Cadillac CT6",2017,51257.0,30999.0
860,"Mazda CX-5",2019,25703.0,24999.0
861,"GMC Terrain",2019,32333.0,30499.0
862,"Audi S5",2018,30294.0,43999.0
863,"Ford Mustang",2015,97794.0,16250.0
864,"Subaru Outback",2016,26660.0,20999.0
865,"Honda Civic",2020,6801.0,24499.0
866,"Land Rover Discovery",2017,26572.0,42999.0
867,"Ford Fusion",2017,41281.0,16999.0
868,"Toyota Highlander",2020,10431.0,42999.0
869,"Toyota Tacoma",2017,43887.0,25999.0
870,"Alfa Romeo Giulia",2018,25265.0,25999.0
871,"GMC Canyon",2018,23102.0,37999.0
872,"Volvo XC90",2018,32656.0,38999.0
873,"Audi SQ5",2018,20360.0,42999.0
874,"Mazda CX-5",2019,5542.0,27499.0
875,"Ram 2500",2020,7903.0,70499.0
876,"Kia Sorento",2017,35425.0,26280.0
877,"Jeep Wrangler",2019,27497.0,48499.0
878,"BMW 4 Series",2017,21164.0,25999.0
879,"Ford F-150",2014,90873.0,25499.0
880,"Chevrolet Tahoe",2017,80437.0,36999.0
881,"Mazda Mazda3",2019,8921.0,21499.0
882,"Ram 1500",2020,5693.0,44999.0
883,"Mercedes-Benz E-Class",2020,4570.0,59999.0
884,"BMW 5 Series",2018,32354.0,30999.0
885,"Mazda CX-5",2019,25703.0,24999.0
886,"GMC Yukon",2019,33461.0,57499.0
887,"Acura RDX",2018,26001.0,28999.0
888,"Chevrolet Silverado 1500",2019,25714.0,44999.0
889,"GMC Canyon",2018,23102.0,37999.0
890,"Volvo S90",2020,11462.0,39700.0
891,"INFINITI Q50",2016,42811.0,27999.0
892,"Nissan Titan",2015,80685.0,25823.0
893,"GMC Sierra 1500",2019,39495.0,50999.0
894,"Lexus NX",2020,10803.0,35499.0
895,"Mazda CX-5",2018,51993.0,22999.0
896,"Acura MDX",2015,71442.0,21642.0
897,"Mazda Mazda3",2018,20917.0,19999.0
898,"Subaru WRX",2018,46067.0,33499.0
899,"Ford Mustang",2018,29148.0,37499.0
900,"Hyundai Santa Fe Sport",2018,45549.0,19999.0
901,"Chevrolet Silverado 1500",2018,32605.0,40499.0
902,"Volvo XC90",2018,32656.0,38999.0
903,"Audi SQ5",2018,20360.0,42999.0
904,"Mazda CX-5",2019,5542.0,27499.0
905,"Ram 2500",2020,7903.0,70499.0
906,"Kia Sorento",2017,35425.0,26280.0
907,"Jeep Wrangler",2019,27497.0,48499.0
908,"BMW 4 Series",2017,21164.0,25999.0
909,"Ford F-150",2014,90873.0,25499.0
910,"Chevrolet Tahoe",2017,80437.0,36999.0
911,"Mazda Mazda3",2019,8921.0,21499.0
912,"Ram 1500",2020,5693.0,44999.0
913,"Mercedes-Benz E-Class",2020,4570.0,59999.0
914,"BMW 5 Series",2018,32354.0,30999.0
915,"Mazda CX-5",2019,25703.0,24999.0
916,"GMC Yukon",2019,33461.0,57499.0
917,"Acura RDX",2018,26001.0,28999.0
918,"Chevrolet Silverado 1500",2019,25714.0,44999.0
919,"GMC Canyon",2018,23102.0,37999.0
920,"Volvo S90",2020,11462.0,39700.0
921,"INFINITI Q50",2016,42811.0,27999.0
922,"Nissan Titan",2015,80685.0,25823.0
923,"GMC Sierra 1500",2019,39495.0,50999.0
924,"Lexus NX",2020,10803.0,35499.0
925,"Mazda CX-5",2018,51993.0,22999.0
926,"Acura MDX",2015,71442.0,21642.0
927,"Mazda Mazda3",2018,20917.0,19999.0
928,"Subaru WRX",2018,46067.0,33499.0
929,"Ford Mustang",2018,29148.0,37499.0
930,"Hyundai Santa Fe Sport",2018,45549.0,19999.0
931,"Chevrolet Silverado 1500",2018,32605.0,40499.0
932,"Volvo XC90",2018,32656.0,38999.0
933,"Audi SQ5",2018,20360.0,42999.0
934,"Mazda CX-5",2019,5542.0,27499.0
935,"Ram 2500",2020,7903.0,70499.0
936,"Kia Sorento",2017,35425.0,26280.0
937,"Jeep Wrangler",2019,27497.0,48499.0
938,"BMW 4 Series",2017,21164.0,25999.0
939,"Ford F-150",2014,90873.0,25499.0
940,"Chevrolet Tahoe",2017,80437.0,36999.0
941,"Mazda Mazda3",2019,8921.0,21499.0
942,"Ram 1500",2020,5693.0,44999.0
943,"Mercedes-Benz E-Class",2020,4570.0,59999.0
944,"BMW 5 Series",2018,32354.0,30999.0
945,"Mazda CX-5",2019,25703.0,24999.0
946,"GMC Yukon",2019,33461.0,57499.0
947,"Acura RDX",2018,26001.0,28999.0
948,"Chevrolet Silverado 1500",2019,25714.0,44999.0
949,"GMC Canyon",2018,23102.0,37999.0
950,"Volvo S90",2020,11462.0,39700.0
951,"INFINITI Q50",2016,42811.0,27999.0
952,"Nissan Titan",2015,80685.0,25823.0
953,"GMC Sierra 1500",2019,39495.0,50999.0
954,"Lexus NX",2020,10803.0,35499.0
955,"Mazda CX-5",2018,51993.0,22999.0
956,"Acura MDX",2015,71442.0,21642.0
957,"Mazda Mazda3",2018,20917.0,19999.0
958,"Subaru WRX",2018,46067.0,33499.0
959,"Ford Mustang",2018,29148.0,37499.0
960,"Hyundai Santa Fe Sport",2018,45549.0,19999.0
961,"Chevrolet Silverado 1500",2018,32605.0,40499.0
962,"Nissan JUKE",2014,60214.0,11999.0
963,"Acura RDX",2018,21779.0,28999.0
964,"Chevrolet Silverado 1500",2020,4960.0,52999.0
965,"Ford Super Duty F-250",2017,27276.0,64999.0
966,"Land Rover Discovery Sport",2019,5591.0,39499.0
967,"Land Rover Range Rover Sport",2018,49750.0,54999.0
968,"BMW i3",2015,49004.0,14999.0
969,"BMW 5 Series",2019,14866.0,40999.0
970,"Jeep Wrangler",2019,18643.0,36999.0
971,"Ram 1500",2020,5693.0,44999.0
972,"Nissan Titan",2017,28284.0,36999.0
973,"BMW 3 Series",2017,24233.0,21999.0
974,"Maserati Levante",2017,28947.0,50999.0
975,"Jeep Renegade",2017,38050.0,19999.0
976,"Lexus ES",2020,4732.0,43180.0
977,"Nissan Rogue Sport",2020,5715.0,21999.0
978,"Lexus NX",2020,21316.0,34999.0
979,"Cadillac CT6",2017,51257.0,30999.0
980,"Mazda CX-5",2019,25703.0,24999.0
981,"GMC Terrain",2019,32333.0,30499.0
982,"Audi S5",2018,30294.0,43999.0
983,"Ford Mustang",2015,97794.0,16250.0
984,"Subaru Outback",2016,26660.0,20999.0
985,"Honda Civic",2020,6801.0,24499.0
986,"Land Rover Discovery",2017,26572.0,42999.0
987,"Ford Fusion",2017,41281.0,16999.0
988,"Toyota Highlander",2020,10431.0,42999.0
989,"Toyota Tacoma",2017,43887.0,25999.0
990,"Alfa Romeo Giulia",2018,25265.0,25999.0
991,"GMC Canyon",2018,23102.0,37999.0
992,"Volvo XC90",2018,32656.0,38999.0
993,"Audi SQ5",2018,20360.0,42999.0
994,"Mazda CX-5",2019,5542.0,27499.0
995,"Ram 2500",2020,7903.0,70499.0
996,"Kia Sorento",2017,35425.0,26280.0
997,"Jeep Wrangler",2019,27497.0,48499.0
998,"BMW 4 Series",2017,21164.0,25999.0
999,"Ford F-150",2014,90873.0,25499.0
1000,"Chevrolet Tahoe",2017,80437.0,36999.0
1001,"Mazda Mazda3",2019,8921.0,21499.0
1002,"Ram 1500",2020,5693.0,44999.0
1003,"Mercedes-Benz E-Class",2020,4570.0,59999.0
1004,"BMW 5 Series",2018,32354.0,30999.0
1005,"Mazda CX-5",2019,25703.0,24999.0
1006,"GMC Yukon",2019,33461.0,57499.0
1007,"Acura RDX",2018,26001.0,28999.0
1008,"Chevrolet Silverado 1500",2019,25714.0,44999.0
1009,"GMC Canyon",2018,23102.0,37999.0
1010,"Volvo S90",2020,11462.0,39700.0
1011,"INFINITI Q50",2016,42811.0,27999.0
1012,"Nissan Titan",2015,80685.0,25823.0
1013,"GMC Sierra 1500",2019,39495.0,50999.0
1014,"Lexus NX",2020,10803.0,35499.0
1015,"Mazda CX-5",2018,51993.0,22999.0
1016,"Acura MDX",2015,71442.0,21642.0
1017,"Mazda Mazda3",2018,20917.0,19999.0
1018,"Subaru WRX",2018,46067.0,33499.0
1019,"Ford Mustang",2018,29148.0,37499.0
1020,"Hyundai Santa Fe Sport",2018,45549.0,19999.0
1021,"Chevrolet Silverado 1500",2018,32605.0,40499.0
1022,"Volvo XC90",2018,32656.0,38999.0
1023,"Audi SQ5",2018,20360.0,42999.0
1024,"Mazda CX-5",2019,5542.0,27499.0
1025,"Ram 2500",2020,7903.0,70499.0
1026,"Kia Sorento",2017,35425.0,26280.0
1027,"Jeep Wrangler",2019,27497.0,48499.0
1028,"BMW 4 Series",2017,21164.0,25999.0
1029,"Ford F-150",2014,90873.0,25499.0
1030,"Chevrolet Tahoe",2017,80437.0,36999.0
1031,"Mazda Mazda3",2019,8921.0,21499.0
1032,"Ram 1500",2020,5693.0,44999.0
1033,"Mercedes-Benz E-Class",2020,4570.0,59999.0
1034,"BMW 5 Series",2018,32354.0,30999.0
1035,"Mazda CX-5",2019,25703.0,24999.0
1036,"GMC Yukon",2019,33461.0,57499.0
1037,"Acura RDX",2018,26001.0,28999.0
1038,"Chevrolet Silverado 1500",2019,25714.0,44999.0
1039,"GMC Canyon",2018,23102.0,37999.0
1040,"Volvo S90",2020,11462.0,39700.0
1041,"INFINITI Q50",2016,42811.0,27999.0
1042,"Nissan Titan",2015,80685.0,25823.0
1043,"GMC Sierra 1500",2019,39495.0,50999.0
1044,"Lexus NX",2020,10803.0,35499.0
1045,"Mazda CX-5",2018,51993.0,22999.0
1046,"Acura MDX",2015,71442.0,21642.0
1047,"Mazda Mazda3",2018,20917.0,19999.0
1048,"Subaru WRX",2018,46067.0,33499.0
1049,"Ford Mustang",2018,29148.0,37499.0
1050,"Hyundai Santa Fe Sport",2018,45549.0,19999.0
1051,"Chevrolet Silverado 1500",2018,32605.0,40499.0
1052,"Volvo XC90",2018,32656.0,38999.0
1053,"Audi SQ5",2018,20360.0,42999.0
1054,"Mazda CX-5",2019,5542.0,27499.0
1055,"Ram 2500",2020,7903.0,70499.0
1056,"Kia Sorento",2017,35425.0,26280.0
1057,"Jeep Wrangler",2019,27497.0,48499.0
1058,"BMW 4 Series",2017,21164.0,25999.0
1059,"Ford F-150",2014,90873.0,25499.0
1060,"Chevrolet Tahoe",2017,80437.0,36999.0
1061,"Mazda Mazda3",2019,8921.0,21499.0
1062,"Ram 1500",2020,5693.0,44999.0
1063,"Mercedes-Benz E-Class",2020,4570.0,59999.0
1064,"BMW 5 Series",2018,32354.0,30999.0
1065,"Mazda CX-5",2019,25703.0,24999.0
1066,"GMC Yukon",2019,33461.0,57499.0
1067,"Acura RDX",2018,26001.0,28999.0
1068,"Chevrolet Silverado 1500",2019,25714.0,44999.0
1069,"GMC Canyon",2018,23102.0,37999.0
1070,"Volvo S90",2020,11462.0,39700.0
1071,"INFINITI Q50",2016,42811.0,27999.0
1072,"Nissan Titan",2015,80685.0,25823.0
1073,"GMC Sierra 1500",2019,39495.0,50999.0
1074,"Lexus NX",2020,10803.0,35499.0
1075,"Mazda CX-5",2018,51993.0,22999.0
1076,"Acura MDX",2015,71442.0,21642.0
1077,"Mazda Mazda3",2018,20917.0,19999.0
1078,"Subaru WRX",2018,46067.0,33499.0
1079,"Ford Mustang",2018,29148.0,37499.0
1080,"Hyundai Santa Fe Sport",2018,45549.0,19999.0
1081,"Chevrolet Silverado 1500",2018,32605.0,40499.0
1082,"Volvo XC90",2018,32656.0,38999.0
1083,"Audi SQ5",2018,20360.0,42999.0
1084,"Mazda CX-5",2019,5542.0,27499.0
1085,"Ram 2500",2020,7903.0,70499.0
1086,"Kia Sorento",2017,35425.0,26280.0
1087,"Jeep Wrangler",2019,27497.0,48499.0
1088,"BMW 4 Series",2017,21164.0,25999.0
1089,"Ford F-150",2014,90873.0,25499.0
1090,"Chevrolet Tahoe",2017,80437.0,36999.0
1091,"Mazda Mazda3",2019,8921.0,21499.0
1092,"Ram 1500",2020,5693.0,44999.0
1093,"Mercedes-Benz E-Class",2020,4570.0,59999.0
1094,"BMW 5 Series",2018,32354.0,30999.0
1095,"Mazda CX-5",2019,25703.0,24999.0
1096,"GMC Yukon",2019,33461.0,57499.0
1097,"Acura RDX",2018,26001.0,28999.0
1098,"Chevrolet Silverado 1500",2019,25714.0,44999.0
1099,"GMC Canyon",2018,23102.0,37999.0
1100,"Volvo S90",2020,11462.0,39700.0
1101,"INFINITI Q50",2016,42811.0,27999.0
1102,"Nissan Titan",2015,80685.0,25823.0
1103,"GMC Sierra 1500",2019,39495.0,50999.0
1104,"Lexus NX",2020,10803.0,35499.0
1105,"Mazda CX-5",2018,51993.0,22999.0
1106,"Acura MDX",2015,71442.0,21642.0
1107,"Mazda Mazda3",2018,20917.0,19999.0
1108,"Subaru WRX",2018,46067.0,33499.0
1109,"Ford Mustang",2018,29148.0,37499.0
1110,"Hyundai Santa Fe Sport",2018,45549.0,19999.0
1111,"Chevrolet Silverado 1500",2018,32605.0,40499.0
1112,"Volvo XC90",2018,32656.0,38999.0
1113,"Audi SQ5",2018,20360.0,42999.0
1114,"Mazda CX-5",2019,5542.0,27499.0
1115,"Ram 2500",2020,7903.0,70499.0
1116,"Kia Sorento",2017,35425.0,26280.0
1117,"Jeep Wrangler",2019,27497.0,48499.0
1118,"BMW 4 Series",2017,21164.0,25999.0
1119,"Ford F-150",2014,90873.0,25499.0
1120,"Chevrolet Tahoe",2017,80437.0,36999.0
1121,"Mazda Mazda3",2019,8921.0,21499.0
1122,"Ram 1500",2020,5693.0,44999.0
1123,"Mercedes-Benz E-Class",2020,4570.0,59999.0
1124,"BMW 5 Series",2018,32354.0,30999.0
1125,"Mazda CX-5",2019,25703.0,24999.0
1126,"GMC Yukon",2019,33461.0,57499.0
1127,"Acura RDX",2018,26001.0,28999.0
1128,"Chevrolet Silverado 1500",2019,25714.0,44999.0
1129,"GMC Canyon",2018,23102.0,37999.0
1130,"Volvo S90",2020,11462.0,39700.0
1131,"INFINITI Q50",2016,42811.0,27999.0
1132,"Nissan Titan",2015,80685.0,25823.0
1133,"GMC Sierra 1500",2019,39495.0,50999.0
1134,"Lexus NX",2020,10803.0,35499.0
1135,"Mazda CX-5",2018,51993.0,22999.0
1136,"Acura MDX",2015,71442.0,21642.0
1137,"Mazda Mazda3",2018,20917.0,19999.0
1138,"Subaru WRX",2018,46067.0,33499.0
1139,"Ford Mustang",2018,29148.0,37499.0
1140,"Hyundai Santa Fe Sport",2018,45549.0,19999.0
1141,"Chevrolet Silverado 1500",2018,32605.0,40499.0
1142,"Volvo XC90",2018,32656.0,38999.0
1143,"Audi SQ5",2018,20360.0,42999.0
1144,"Mazda CX-5",2019,5542.0,27499.0
1145,"Ram 2500",2020,7903.0,70499.0
1146,"Kia Sorento",2017,35425.0,26280.0
1147,"Jeep Wrangler",2019,27497.0,48499.0
1148,"BMW 4 Series",2017,21164.0,25999.0
1149,"Ford F-150",2014,90873.0,25499.0
1150,"Chevrolet Tahoe",2017,80437.0,36999.0
1151,"Mazda Mazda3",2019,8921.0,21499.0
1152,"Ram 1500",2020,5693.0,44999.0
1153,"Mercedes-Benz E-Class",2020,4570.0,59999.0
1154,"BMW 5 Series",2018,32354.0,30999.0
1155,"Mazda CX-5",2019,25703.0,24999.0
1156,"GMC Yukon",2019,33461.0,57499.0
1157,"Acura RDX",2018,26001.0,28999.0
1158,"Chevrolet Silverado 1500",2019,25714.0,44999.0
1159,"GMC Canyon",2018,23102.0,37999.0
1160,"Volvo S90",2020,11462.0,39700.0
1161,"INFINITI Q50",2016,42811.0,27999.0
1162,"Nissan Titan",2015,80685.0,25823.0
1163,"GMC Sierra 1500",2019,39495.0,50999.0
1164,"Lexus NX",2020,10803.0,35499.0
1165,"Mazda CX-5",2018,51993.0,22999.0
1166,"Acura MDX",2015,71442.0,21642.0
1167,"Mazda Mazda3",2018,20917.0,19999.0
1168,"Subaru WRX",2018,46067.0,33499.0
1169,"Ford Mustang",2018,29148.0,37499.0
1170,"Hyundai Santa Fe Sport",2018,45549.0,19999.0
1171,"Chevrolet Silverado 1500",2018,32605.0,40499.0
